,filename,label
0,255.mp4,0
1,044.mp4,0
2,919_015.mp4,1
3,003.mp4,0
4,970_973.mp4,1
5,683_607.mp4,1
6,386_154.mp4,1
7,630_623.mp4,1
8,650_625.mp4,1
9,389.mp4,0
10,550_452.mp4,1
11,288_321.mp4,1
12,381.mp4,0
13,865.mp4,0
14,695.mp4,0
15,724.mp4,0
16,660.mp4,0
17,227.mp4,0
18,190_176.mp4,1
19,995_233.mp4,1
20,220_219.mp4,1
21,521_517.mp4,1
22,141_161.mp4,1
23,842_714.mp4,1
24,868_949.mp4,1
25,691_732.mp4,1
26,973.mp4,0
27,634.mp4,0
28,714.mp4,0
29,425.mp4,0
30,488.mp4,0
31,467_462.mp4,1
32,924_917.mp4,1
33,480.mp4,0
34,036.mp4,0
35,029_048.mp4,1
36,485.mp4,0
37,321.mp4,0
38,161.mp4,0
39,154_386.mp4,1
40,371.mp4,0
41,812.mp4,0
42,388.mp4,0
43,176_190.mp4,1
44,257.mp4,0
45,114_102.mp4,1
46,404_429.mp4,1
47,214.mp4,0
48,462_467.mp4,1
49,399.mp4,0
50,161_141.mp4,1
51,000.mp4,0
52,380.mp4,0
53,479.mp4,0
54,186.mp4,0
55,078_955.mp4,1
56,404.mp4,0
57,739.mp4,0
58,048.mp4,0
59,015_919.mp4,1
60,418_507.mp4,1
61,608.mp4,0
62,452.mp4,0
63,347.mp4,0
64,675_608.mp4,1
65,255_214.mp4,1
66,012_026.mp4,1
67,945.mp4,0
68,423_421.mp4,1
69,278_306.mp4,1
70,527.mp4,0
71,953.mp4,0
72,467.mp4,0
73,821_812.mp4,1
74,024_073.mp4,1
75,176.mp4,0
76,384.mp4,0
77,280_249.mp4,1
78,035.mp4,0
79,855.mp4,0
80,141.mp4,0
81,507_418.mp4,1
82,739_865.mp4,1
83,138_142.mp4,1
84,249.mp4,0
85,479_706.mp4,1
86,851.mp4,0
87,000_003.mp4,1
88,949.mp4,0
89,128.mp4,0
90,047.mp4,0
91,924.mp4,0
92,035_036.mp4,1
93,367_371.mp4,1
94,517_521.mp4,1
95,945_044.mp4,1
96,384_932.mp4,1
97,386.mp4,0
98,220.mp4,0
99,670_661.mp4,1
100,306.mp4,0
101,974_953.mp4,1
102,138.mp4,0
103,847_906.mp4,1
104,048_029.mp4,1
105,880_135.mp4,1
106,376_381.mp4,1
107,044_945.mp4,1
108,623_630.mp4,1
109,425_485.mp4,1
110,633_529.mp4,1
111,552_851.mp4,1
112,932.mp4,0
113,308.mp4,0
114,623.mp4,0
115,579.mp4,0
116,169_227.mp4,1
117,102_114.mp4,1
118,420_257.mp4,1
119,142.mp4,0
120,669.mp4,0
121,896.mp4,0
122,955.mp4,0
123,024.mp4,0
124,399_488.mp4,1
125,917.mp4,0
126,423.mp4,0
127,607_683.mp4,1
128,214_255.mp4,1
129,917_924.mp4,1
130,462.mp4,0
131,851_552.mp4,1
132,759.mp4,0
133,974.mp4,0
134,073_024.mp4,1
135,682_669.mp4,1
136,389_480.mp4,1
137,420.mp4,0
138,759_755.mp4,1
139,170_186.mp4,1
140,233_995.mp4,1
141,314_347.mp4,1
142,047_862.mp4,1
143,388_308.mp4,1
144,078.mp4,0
145,868.mp4,0
146,970.mp4,0
147,280.mp4,0
148,880.mp4,0
149,731.mp4,0
150,847.mp4,0
151,801.mp4,0
152,073.mp4,0
153,906.mp4,0
154,842.mp4,0
155,429_404.mp4,1
156,625.mp4,0
157,169.mp4,0
158,507.mp4,0
159,949_868.mp4,1
160,683.mp4,0
161,319.mp4,0
162,579_701.mp4,1
163,706_479.mp4,1
164,376.mp4,0
165,682.mp4,0
166,352_319.mp4,1
167,650.mp4,0
168,707_705.mp4,1
169,706.mp4,0
170,015.mp4,0
171,919.mp4,0
172,731_741.mp4,1
173,741.mp4,0
174,732_691.mp4,1
175,029.mp4,0
176,661_670.mp4,1
177,347_314.mp4,1
178,358_380.mp4,1
179,732.mp4,0
180,170.mp4,0
181,669_682.mp4,1
182,358.mp4,0
183,494.mp4,0
184,812_821.mp4,1
185,608_675.mp4,1
186,675.mp4,0
187,026_012.mp4,1
188,552.mp4,0
189,227_169.mp4,1
190,445_494.mp4,1
191,422.mp4,0
192,371_367.mp4,1
193,190.mp4,0
194,755.mp4,0
195,421.mp4,0
196,128_896.mp4,1
197,634_660.mp4,1
198,352.mp4,0
199,454.mp4,0
200,529_633.mp4,1
201,321_288.mp4,1
202,527_454.mp4,1
203,670.mp4,0
204,142_138.mp4,1
205,633.mp4,0
206,862_047.mp4,1
207,862.mp4,0
208,821.mp4,0
209,705.mp4,0
210,896_128.mp4,1
211,517.mp4,0
212,906_847.mp4,1
213,714_842.mp4,1
214,855_801.mp4,1
215,219_220.mp4,1
216,278.mp4,0
217,707.mp4,0
218,249_280.mp4,1
219,219.mp4,0
220,379_158.mp4,1
221,865_739.mp4,1
222,454_527.mp4,1
223,661.mp4,0
224,429.mp4,0
225,755_759.mp4,1
226,418.mp4,0
227,135.mp4,0
228,630.mp4,0
229,012.mp4,0
230,421_423.mp4,1
231,154.mp4,0
232,973_970.mp4,1
233,725_724.mp4,1
234,705_707.mp4,1
235,367.mp4,0
236,257_420.mp4,1
237,488_399.mp4,1
238,691.mp4,0
239,695_422.mp4,1
240,445.mp4,0
241,308_388.mp4,1
242,995.mp4,0
243,381_376.mp4,1
244,521.mp4,0
245,485_425.mp4,1
246,480_389.mp4,1
247,306_278.mp4,1
248,741_731.mp4,1
249,233.mp4,0
250,186_170.mp4,1
251,114.mp4,0
252,932_384.mp4,1
253,725.mp4,0
254,660_634.mp4,1
255,135_880.mp4,1
256,003_000.mp4,1
257,953_974.mp4,1
258,701.mp4,0
259,314.mp4,0
260,319_352.mp4,1
261,607.mp4,0
262,422_695.mp4,1
263,158_379.mp4,1
264,494_445.mp4,1
265,801_855.mp4,1
266,380_358.mp4,1
267,452_550.mp4,1
268,102.mp4,0
269,288.mp4,0
270,529.mp4,0
271,955_078.mp4,1
272,026.mp4,0
273,233_995.mp4,1
274,724_725.mp4,1
275,625_650.mp4,1
276,036_035.mp4,1
